<?xml version="1.0" encoding="UTF-8"?>
<project-private xmlns="http://www.netbeans.org/ns/project-private/1">
    <editor-bookmarks xmlns="http://www.netbeans.org/ns/editor-bookmarks/2" lastBookmarkId="0"/>
    <open-files xmlns="http://www.netbeans.org/ns/projectui-open-files/2">
        <group>
            <file>file:/C:/Users/Student/Desktop/MD/03Klasy/src/dane/LamanaZamknieta.java</file>
            <file>file:/C:/Users/Student/Desktop/MD/03Klasy/src/dane/Odcinek.java</file>
            <file>file:/C:/Users/Student/Desktop/MD/03Klasy/src/logika/KlasySettings.java</file>
            <file>file:/C:/Users/Student/Desktop/MD/03Klasy/src/dane/Punkt.java</file>
            <file>file:/C:/Users/Student/Desktop/MD/03Klasy/src/logika/Main.java</file>
            <file>file:/C:/Users/Student/Desktop/MD/03Klasy/src/dane/Mierzalny.java</file>
            <file>file:/C:/Users/Student/Desktop/MD/03Klasy/src/dane/Lamana.java</file>
        </group>
    </open-files>
</project-private>
