<?xml version="1.0" encoding="UTF-8"?>
<project-private xmlns="http://www.netbeans.org/ns/project-private/1">
    <editor-bookmarks xmlns="http://www.netbeans.org/ns/editor-bookmarks/2" lastBookmarkId="0"/>
    <open-files xmlns="http://www.netbeans.org/ns/projectui-open-files/2">
        <group name="ZETO">
            <file>file:/D:/PROGRAMY/ZadaniaDomowe/test/logic/InsideTest.java</file>
            <file>file:/D:/PROGRAMY/ZadaniaDomowe/src/logic/Clock.java</file>
            <file>file:/D:/PROGRAMY/ZadaniaDomowe/test/logic/ClockTest.java</file>
            <file>file:/D:/PROGRAMY/ZadaniaDomowe/src/logic/Inside.java</file>
            <file>file:/D:/PROGRAMY/ZadaniaDomowe/src/logic/Main.java</file>
        </group>
    </open-files>
</project-private>
