<?xml version="1.0" encoding="UTF-8"?>
<project-private xmlns="http://www.netbeans.org/ns/project-private/1">
    <editor-bookmarks xmlns="http://www.netbeans.org/ns/editor-bookmarks/2" lastBookmarkId="0"/>
    <open-files xmlns="http://www.netbeans.org/ns/projectui-open-files/2">
        <group>
            <file>file:/C:/Users/Student/Desktop/MD/05GraWZycie/src/logika/Main.java</file>
            <file>file:/C:/Users/Student/Desktop/MD/05GraWZycie/src/logika/GraSettings.java</file>
            <file>file:/C:/Users/Student/Desktop/MD/05GraWZycie/src/dane/Siatka.java</file>
        </group>
        <group name="OpenCV">
            <file>file:/F:/DYDAKTYKA%20ZETO/java/MD%202016-04-20/05GraWZycie/src/logika/GraSettings.java</file>
            <file>file:/F:/DYDAKTYKA%20ZETO/java/MD%202016-04-20/05GraWZycie/src/dane/Siatka.java</file>
            <file>file:/F:/DYDAKTYKA%20ZETO/java/MD%202016-04-20/05GraWZycie/src/logika/Main.java</file>
        </group>
    </open-files>
</project-private>
